gene,target,beta,se,ci_lower,ci_upper,p_value
CRYBB2,CRBB2,0.0019652353048597564,0.010663192981387229,-0.01901433732286916,0.022944807932588678,0.8538953064418607
ZNF41,ZNF41,0.008050236987906757,0.011535749954925617,-0.014646070245501077,0.030746544221314592,0.48578179880258154
ELK1,ELK1,-0.058308136781189866,0.02565670983151052,-0.10878708883976132,-0.00782918472261842,0.023717850461217858
SNAI2,SLUG,-0.04476328602912539,0.0183071178543539,-0.08078209477620708,-0.008744477282043694,0.015023917288654326
SCARA5,SCAR5,-0.013079411784186066,0.019949091750431715,-0.05232876420291742,0.026169940634545284,0.5125316701776174
NPDC1,NPDC1,9.330378962994992e-4,0.02133655375903214,-0.04104611225079111,0.04291218804339011,0.9651475161979632
TMEM190,TM190,0.011664392669096102,0.008238343207798397,-0.0045443470547233255,0.02787313239291553,0.15779641282267873
MFAP2,MFAP2,0.1775143138822259,0.03302602782895002,0.11253640804742837,0.24249221971702345,1.487496236690838e-7
TMEM108,TM108,-0.011321837893100822,0.008259175058946432,-0.02757156377696566,0.0049278879907640166,0.17140101989026188
HTN3,HIS3,0.008456564064937125,0.014596458130056942,-0.020261611999367317,0.03717474012924157,0.5627596101375444
GNPTG,GNPTG,0.0759814671056514,0.03696644597740664,0.003250884481315719,0.14871204972998708,0.04065762530382632
LRP1,LRP1,-0.01938110610583607,0.015639736089867125,-0.050151906160623635,0.01138969394895149,0.2161799725125717
SUDS3,SDS3,-0.0013889361632839067,0.016960859975549147,-0.034759015304389525,0.03198114297782171,0.9347853356717329
CSGALNACT2,CGAT2,-0.03518314279912764,0.012277471232657705,-0.0593387685915144,-0.01102751700674088,0.00443941592120563
LINGO3,LIGO3,-0.019664263502034474,0.012323995900477057,-0.04391142544585362,0.004582898441784673,0.11157281764993758
FAM163B,F163B,-0.07496565618610307,0.028360111684756086,-0.13076348558480155,-0.01916782678740457,0.008617046486813294
OSMR,OSMR,-0.01652830931581479,0.013070791757011485,-0.04224477392888121,0.009188155297251633,0.206971475981401
GNGT2,GBGT2,-0.043465383043575015,0.014803498087017945,-0.07259090518343929,-0.014339860903710738,0.0035661466695097047
MUCL1,MUCL1,0.019136457228989524,0.01168104626817306,-0.0038457169639337895,0.04211863142191284,0.10236199199480951
NRG3,NRG3,-0.0070177990118139915,0.009340864446088292,-0.025395722434427108,0.011360124410799123,0.4530290249512995
IGHA1 IGHA2,IgA,0.01728691476329335,0.013207543866788447,-0.008698606296943152,0.04327243582352985,0.1915275379033144
TLR4,TLR4,-0.040335546439388414,0.011980504638842076,-0.0639068976871956,-0.01676419519158124,8.541768559076169e-4
TENM3,TEN3,-0.01642409391211903,0.019490799981901456,-0.05477176843199273,0.021923580607754668,0.4000546263989332
TMEM119,TM119,-0.0013097602443899738,0.022459430847957085,-0.04549814373089718,0.042878623242117234,0.9535330961845092
C11orf87,CK087,-0.06694376993254365,0.057286655547680324,-0.17965387025240998,0.04576633038732268,0.24345283248957675
SPATA20,SPT20,-0.002924063844377756,0.018289603145804308,-0.03890841282873068,0.03306028513997517,0.8730807804734788
TRIO,TRIO,-0.020202348899159457,0.008312972380952278,-0.03655791970453787,-0.003846778093781051,0.01564432354998344
BMP15,BMP15,0.03678616997113115,0.01367238629988701,0.009886082738954957,0.06368625720330734,0.00751165242219245
OLFM3,NOE3,-0.056168456410587465,0.025993548746494774,-0.10731013083506682,-0.005026781986108106,0.03145474702122316
MILR1,MILR1,0.0016483826900799432,0.015521732509041198,-0.028890248191872525,0.03218701357203241,0.9154921360840665
LPCAT2,PCAT2,-0.007649214872033785,0.01888923512458739,-0.044813325178417275,0.0295148954343497,0.685786648101119
CLEC12A,CL12A,0.007817667694214122,0.005875244725954939,-0.003741733289056595,0.01937706867748484,0.18427325233051248
CREB3L1,CR3L1,0.01402459118230999,0.019463287952174103,-0.024268954088772207,0.052318136453392186,0.4717073467902744
ERN1,ERN1,-0.04484855347069427,0.01173970334889617,-0.06794613404211125,-0.021750972899277285,1.604105311063655e-4
NAGS,NAGS,0.06303760525873359,0.021185036368183755,0.021356561889905007,0.10471864862756217,0.0031492727659764262
LRCH4,LRCH4,0.0011775026935624152,0.01647072399874682,-0.031228245844061104,0.03358325123118593,0.9430523510136082
CHCHD10,CHC10,0.007120051301284707,0.02055589169886563,-0.0333231652452827,0.047563267847852114,0.729290544997197
GSTT2B,GSTT2,-0.05636557068960737,0.017011422724310804,-0.08983513080810451,-0.02289601057111023,0.0010283593783661927
ATF6,ATF6A,-0.030800209890183127,0.03697947302775962,-0.1035564229189842,0.04195600313861794,0.40552809856140126
AQP4,AQP4,-0.034981528871321145,0.01579477220322558,-0.06605735870525664,-0.0039056990373856418,0.02748778819738181
ADH7,ADH7,0.043708487334819995,0.0161761249737922,0.011882355207673327,0.07553461946196666,0.007262619596307139
KRT7,Keratin 7,-0.008846197578499306,0.01565085940165225,-0.03963888247846074,0.02194648732146213,0.572323115159628
ATF6B,ATF6B,-0.01768174242564695,0.023186562151509577,-0.06330073905208347,0.02793725420078958,0.44627753555534866
CA8,Carbonic Anhydrase VIII,-0.033259445053983226,0.015138342607920489,-0.06304376563794713,-0.0034751244700193216,0.028741436019137923
PLSCR3,PLS3,0.01807035925015311,0.015983901785316258,-0.013377578432758715,0.049518296933064934,0.25910551587537445
PQBP1,PQBP1,-0.008011824704693955,0.015217094443696866,-0.03795108760857286,0.021927438199184947,0.5989079219320641
GPR135,GP135,0.005762297977406171,0.0142574693649917,-0.02228892594328761,0.033813521898099955,0.6863676404958761
ISL1,ISL1,-0.041719233709263566,0.027790426653380548,-0.09639622167598808,0.012957754257460936,0.13429693682870986
ZNF23,ZNF23,0.02767802181124132,0.012766551359327522,0.002560142774806696,0.05279590084767595,0.030901597050638486
KRT72,Keratin 72,0.02809162182917285,0.019102108054268187,-0.009491310784610605,0.0656745544429563,0.14239032880012234
KLRC3,NKG2E,-0.06560791718045703,0.02277933143197769,-0.11042569727901355,-0.020790137081900507,0.004245494725667954
SRSF6,SRSF6,0.012233251219288597,0.018385795651755743,-0.023940354179008437,0.04840685661758563,0.5063013525189376
NRSN1,NRSN1,0.011728674054873807,0.017326372488028333,-0.022360542057239086,0.0458178901669867,0.49894649556201387
SLCO5A1,SO5A1,0.09166346768174798,0.013935506445814655,0.0642456979673225,0.11908123739617345,1.9721611932157006e-10
CRABP2,RABP2,-0.02056223637243326,0.032452000048796205,-0.08441075652274661,0.04328628377788009,0.5267857349608425
TRIB2,TRIB2,-0.010200912658915305,0.024136510108730132,-0.057688908767576215,0.03728708344974561,0.6728487620671361
PDLIM4,PDLI4,0.01869227306241991,0.008915814779484879,0.001150624512301704,0.03623392161253811,0.03682748603165418
C16orf54,CP054,0.028174997181599,0.007951372456030057,0.012530865426449631,0.04381912893674837,4.54379297550312e-4
RAB39B,RB39B,0.05750572684229087,0.022907978696174523,0.012434836382955242,0.1025766173016265,0.012560837629301552
KLHL13,KLH13,0.011785358457425262,0.0300713176892704,-0.04737922710102563,0.07094994401587615,0.6953853920529864
CLIC5,CLIC5,-0.013858563970357387,0.025891780493264537,-0.06480001183384627,0.0370828838931315,0.5928525824679513
ITPKC,IP3KC,0.03784914145671315,0.01948794276757587,-4.929115635251904e-4,0.0761911944769515,0.053000512352882376
GLTP,GLTP,0.025422450698197454,0.017097526525605082,-0.008216516553409815,0.059061417949804726,0.13803302089576122
CKS1B,CKS-1,0.038154030007145075,0.03334519413867507,-0.027451827772898972,0.10375988778718911,0.25339824069356004
ERVV-1,ERVV1,-0.016125822631246997,0.015284704911551924,-0.04619810748485858,0.013946462222364585,0.29221501660534555
CDC34,UB2R1,0.01707841663149445,0.011231221838532495,-0.0050187389457249515,0.03917557220871385,0.12935210592925506
CYTH2,CYH2,-0.11451985246727615,0.04439091835715611,-0.20185790377246632,-0.027181801162085975,0.010335581226282439
CALCOCO2,CACO2,0.13820960108737232,0.03586915634463491,0.06763790910532094,0.2087812930694237,1.411398252098119e-4
ZNF560,ZN560,0.01567315808484858,0.008189443009789627,-4.393716897158721e-4,0.031785687859413034,0.056542889385805505
VRK1,VRK1,-0.013437720768798806,0.025345823003687935,-0.06330501056122795,0.03642956902363033,0.5963617897397663
KEAP1,KEAP1,-0.024562769146588292,0.012756117007480477,-0.04966011884975656,5.345805565799763e-4,0.055052641882854914
EDN2,Endothelin 2,-0.009527251920351632,0.012520662920173831,-0.034161351438161,0.015106847597457732,0.44726910107236784
FEN1,FLAP endonuclease-1,-0.010163788261215133,0.014816595172193374,-0.039315078597353184,0.018987502074922915,0.49323135109359695
ARF3,ARF3,-0.0032589487546167742,0.01074330613654143,-0.024396142064999363,0.017878244555765817,0.7618244846502809
IMPA2,IMPA2,0.003697725962355076,0.010417499443853354,-0.016798450610941276,0.02419390253565143,0.7228606021026585
NRBP1,NRBP,-0.08340818910417325,0.025727068890924822,-0.13402557089946404,-0.03279080730888244,0.0013130601474320525
AKR1C1,Aldo-keto reductase 1C1,0.0016401314237683578,0.020024744382835497,-0.03775806570768313,0.04103832855521984,0.9347737603628673
ASH1L,ASH1L,0.007965745467172027,0.01339297568708826,-0.01838460818572808,0.034316099120072135,0.5524212452582343
ATG7,ATG7,0.028335471125500018,0.010519748346450763,0.007638122325283235,0.0490328199257168,0.0074457943876844925
SMYD2,SMYD2,0.09566664993161031,0.02096564356606793,0.054417256560491054,0.13691604330272955,7.2190696469683825e-6
PDK2,PDK2,0.017111559198831176,0.01665645273507177,-0.01565960610650789,0.04988272450417024,0.3050515795231624
NAPB,SNAB,-0.035257585361355995,0.022675767711283597,-0.07987160636039213,0.009356435637680141,0.1209778039881922
DPYSL5,DPYL5,0.014138452764658813,0.017994422834518232,-0.021265136142509786,0.04954204167182741,0.432622497272535
ZNF175,ZN175,-0.00545124138452585,0.051218074693887276,-0.1062215565957827,0.095319073826731,0.9153069376118488
CSDC2,CSDC2,0.007291619575132891,0.0188762867345411,-0.029847015089023883,0.04443025423928967,0.6995450166558211
BACH2,BACH2,-0.0038747096846321236,0.01681733789878632,-0.036962412633317336,0.029212993264053088,0.8179298047304586
PPP1R3B,PPR3B,0.008341653632212778,0.009311468537858063,-0.009978434056511757,0.026661741320937314,0.37101409972770116
NUP98,NUP98,-0.02525124813599411,0.0122720766158919,-0.04939626015120976,-0.0011062361207784602,0.040444297447432324
APBB3,APBB3,-0.02502767918154489,0.014153458520106998,-0.05287426429675715,0.0028189059336673657,0.07797112031794708
ARHGAP30,RHG30,-0.05199856920024796,0.03583376936244534,-0.1225006381562303,0.01850349975573439,0.14773940941845512
RNPC3,RBM40,0.004236144317488436,0.019235748611062132,-0.03360972283871235,0.04208201147368922,0.8258396434475969
PYDC1,PYDC1,-0.03235150229849861,0.019825621205235382,-0.0713579294250728,0.006654924828075573,0.1037140279909347
TMEM237,TM237,0.033622653001062,0.021527645666302272,-0.008732465822028634,0.07597777182415263,0.11932435017054177
ARPP21,cAMP-regulated phosphoprotein 21,-0.07399856511715437,0.024959543125250658,-0.12310585865157234,-0.0248912715827364,0.0032591454914158023
NR1D2,NR1D2,-0.015222311727354481,0.021157210708759585,-0.056848608788597446,0.02640398533388848,0.47237175839466383
MICALL2,MILK2,0.03580197266607554,0.02535860783067802,-0.014090470962248677,0.08569441629439976,0.1589816670049931
PAXIP1,PAXI1,-0.014641893333076078,0.024425176046994828,-0.06269783264857444,0.03341404598242228,0.5492949950851219
NR3C2,MCR,0.009282636731352252,0.006287153788383735,-0.003087185305568044,0.02165245876827255,0.1408171386435106
UQCRB,UCR6,0.02152813667366699,0.01786188069551229,-0.01361467880134452,0.0566709521486785,0.22900347220123396
KRT20,Keratin 20,-0.016824199721229137,0.014366720897196936,-0.04509037337213893,0.011441973929680653,0.24245675474060496
SECTM1,SECTM1,0.004885270259204324,0.02668211122299824,-0.04761113407682674,0.05738167459523538,0.8548431970137881
NEGR1,NEGR1,-0.13564735923109886,0.055583236702541644,-0.24500602443772954,-0.02628869402446818,0.015216824349411871
LUM,Lumican,0.00831748486074882,0.045076780248220386,-0.080369983019879,0.09700495274137663,0.8537249628212715
WNT3A,WNT3A,-0.03971303694300779,0.017453495481679706,-0.07405236445070534,-0.0053737094353102435,0.02355137901012178
B4GALT1,B4GT1,0.007809992451863686,0.07320832287058142,-0.1362256007610222,0.15184558566474954,0.915108937384526
EHF,EHF,0.027795820066228667,0.012438045262312434,0.0033242687791848434,0.05226737135327249,0.026130823020717654
DEFB4A,HBD-2,0.015023069676507673,0.006309704087224538,0.002608880475536852,0.027437258877478492,0.017858537953347433
ENOX2,ENOX2,-0.028138078721153533,0.030939561540473583,-0.08901091292207873,0.03273475547977166,0.3638019692839969
SF3B4,SF3B4,-0.025909691431259343,0.023219286808627223,-0.07159307302399213,0.019773690161473453,0.2653231975332836
MRPL33,RM33,0.03880554928976229,0.019738234417008792,-2.894645814286584e-5,0.07764004503766744,0.05016997789529637
FAM171A2,F1712,0.06964994077476107,0.03606791068198889,-0.0013127955279616382,0.14061267707748376,0.05436484087662356
TMEM87B,TM87B,0.0036201383563110937,0.02232626008162546,-0.04030623488907777,0.04754651160169996,0.8712933192669197
ATP2A3,AT2A3,-0.10477791859426422,0.04051984041594673,-0.18449971827979778,-0.025056118908730662,0.010160003247227782
HNRNPR,HNRPR,-0.05037520567135004,0.01598597806121868,-0.08182722837655923,-0.01892318296614085,0.0017811650347847102
PIAS3,PIAS3,-0.016270992877474084,0.01926255830144296,-0.054169607446898395,0.021627621691950226,0.3989180159572171
ARHGEF25,ARHGP,0.042804611932730226,0.02554398266094183,-0.007452552161749018,0.09306177602720947,0.09477867129844061
MYCT1,MYCT1,-0.012661625906176532,0.02006454507179751,-0.05213812992433351,0.026814878111980446,0.5284659802034184
HTR6,5HT6R,-0.022541690784814078,0.017448376169119123,-0.056870946169662845,0.011787564600034689,0.19733018922699005
ACBD7,ACBD7,-0.028875442250084832,0.013633288100699496,-0.05569860472708688,-0.0020522797730827824,0.03495217958916546
SSU72,SSU72,0.024258865342818216,0.010527237265273062,0.003546782277113615,0.044970948408522816,0.02184685273150803
DVL2,DVL2,-0.01749881473785527,0.044553800738996195,-0.10515733316443734,0.07015970368872682,0.6947629770224231
UAP1,Sperm-associated antigen 2,-0.006002365210724121,0.0162597996648387,-0.03799312525569776,0.025988394834249515,0.7122596136845066
THTPA,THTPA,0.06852425916858693,0.02014060865939241,0.028898101893374745,0.10815041644379911,7.539129350853619e-4
NEURL1,NEUL1,0.08235120572046173,0.02512921448551865,0.03291008791485207,0.1317923235260714,0.0011650650154213901
CYTIP,CYTIP,0.018172733046843834,0.010788755459126156,-0.0030538806993980414,0.03939934679308571,0.09308591031239913
PDGFC,PDGF-CC,0.022117440732853263,0.00971708031127511,0.002999321753321328,0.0412355597123852,0.023504246562011246
PPP2R3A,"PP2A, subunit B",-0.018552950392644096,0.02139566269979175,-0.06064839594185103,0.023542495156562836,0.38652337068959197
FGFR3,FGFR-3,0.007399193196185969,0.044063797022493564,-0.07929525484583418,0.09409364123820611,0.8667532869349123
ELANE,Elastase,0.06879886143474595,0.030284392043266415,0.009215057271457966,0.12838266559803393,0.023770852337973124
INHBB,Inhibin bB chain,0.0694377202998943,0.021583436382508182,0.02697283460072461,0.11190260599906399,0.001428345246353073
IL5RA,IL-5 Ra,-0.004483331553561216,0.013025387866514524,-0.03011046511729512,0.021143802010172692,0.7309244972488541
SFXN5,SFXN5,-0.037927022048172214,0.01733222132402162,-0.07202774560272969,-0.003826298493614738,0.029381864585836862
FRZB,sFRP-3,0.049126173767128314,0.02236638280959626,0.005120860031123248,0.09313148750313338,0.028785051161648884
GABBR2,GABR2,-0.0068104200269365625,0.010163934313150966,-0.026807713377851414,0.01318687332397829,0.5033089677137911
EIF4G3,IF4G3,-0.006146503672340864,0.013631608590972611,-0.032966361754837845,0.020673354410156115,0.6523692904153728
IL17F,IL-17F,0.018376063230731664,0.017174443194800985,-0.015414235695215096,0.05216636215667843,0.28544880855420907
FLT3LG,Flt3 ligand,-0.030682656305058932,0.019972741342376622,-0.06997853872026417,0.00861322611014631,0.12548029572093788
TNFRSF10D,TRAIL R4,-0.08517942570048824,0.037831105654280786,-0.1596112051915517,-0.010747646209424769,0.025033803188403557
IL1R2,IL-1 sRII,-0.05933990115683961,0.02856253949390309,-0.11553600234254267,-0.003143799971136549,0.03855618918234797
RXFP1,RXFP1,-0.00287312912753847,0.023818590361796756,-0.0497356258729017,0.043989367617824765,0.9040640971751392
CD93,C1QR1,-0.04714628410939828,0.05148719186498041,-0.1484460808039381,0.05415351258514153,0.36052577978400946
PREP,PPCE,0.03772244036766925,0.01686683571171716,0.0045373516769170105,0.07090752905842149,0.026015228478938435
TRAPPC3,TPPC3,-0.057422648947616235,0.025710602047576286,-0.10800763262945424,-0.0068376652657782255,0.026218531765836727
CAPN2,CAN2,-0.03682783647374732,0.02567168354585973,-0.0873362489508111,0.013680576003316451,0.15239533880586584
SEC13,SEC13,-0.14251915096577844,0.055026359758784116,-0.25078217434104944,-0.03425612759050743,0.010040216728694004
FIGF,VEGF-D,0.007335758155904933,0.018098413431216386,-0.028272429718931034,0.0429439460307409,0.6855112817943065
NETO1,NETO1,-0.03004615579137828,0.021330382288196763,-0.07201316371982606,0.011920852137069504,0.15993104696912816
S100A10,Calpactin I light chain,0.09931524379463526,0.030622251261541385,0.039066709843551074,0.15956377774571945,0.0013077307227618044
SDF2,SDF2,-0.0016443281827615013,0.009252353168417781,-0.01984810782109698,0.016559451455573977,0.8590563877430347
IFNA4,IFNA4,-0.018300820044049048,0.01636307022628476,-0.05049476240485863,0.013893122316760539,0.2642335604873767
MMP20,MMP20,-0.017275901686859975,0.018482797057955108,-0.0536403549906487,0.019088551616928753,0.3506535059077249
RAMP1,RAMP1,-0.04490588826799327,0.012751322827624725,-0.06999380553899515,-0.019817970996991403,4.917865806104931e-4
TIMD4,TIM-4,-0.02453955357846101,0.01464583786695234,-0.05335488307310695,0.004275775916184929,0.09481615392848593
NT5E,5'-Nucleotidase,0.10330933089555097,0.03098435343759489,0.04234836972736274,0.1642702920637392,9.567235398120837e-4
DPP4,CD26,-0.03974377718406084,0.040664432610633454,-0.11975005849298129,0.04026250412485962,0.32913637651003913
FGFBP1,FGFP1,0.025414581989760158,0.018489109107399197,-0.010962290117662084,0.0617914540971824,0.17023557189902624
NPTXR,NPTXR,0.05161033312211573,0.01993994602280752,0.012378974699859928,0.09084169154437152,0.01008964218851313
PRSS8,Prostasin,0.0041977652461458,0.02686578095810292,-0.04866000482282007,0.05705553531511166,0.8759358063752093
MSR1,Macrophage scavenger receptor,0.007634652931633496,0.019809502266989437,-0.03134006057630853,0.04660936643957553,0.7001969202600085
ANTXR2,ANTR2,-0.04435573170104236,0.030453573680827514,-0.10427239661801702,0.015560933215932306,0.14624327324190609
FANK1,FANK1,-0.023659904900328422,0.009587996268509322,-0.04252405416787888,-0.004795755632777957,0.014127808402794673
IL6R,IL-6 sRa,-0.057933914268647434,0.0220457372761551,-0.10130836572275179,-0.014559462814543081,0.009009487785345622
MOG,MOG,0.046704423337271525,0.020297985508760993,0.006768630941789595,0.08664021573275346,0.022043719463843113
PDCD1,PD-1,0.05891715338278833,0.013045043810060556,0.03325134722859204,0.08458295953698461,8.882670068302514e-6
PSG1,PSG1,0.028601810414265228,0.016033783127099212,-0.0029442675943943154,0.060147888422924775,0.07540507042385089
RBP4,RBP,-0.018935744196982414,0.032111426226936635,-0.08211419364302566,0.04424270524906084,0.5558194483021281
SORCS3,SORC3,0.019400521169146524,0.019555702979654248,-0.01907484841893881,0.05787589075723186,0.32192264017746386
BTD,Biotinidase,-0.054520548385531706,0.03383736335341971,-0.12109473711521633,0.012053640344152919,0.10811981140681434
BMP2,BMP-2,-0.024687942304011737,0.02306213399037886,-0.07006212955225047,0.020686244944226988,0.28521009926827856
GIP,GIP,0.018852078147797102,0.010352272599327398,-0.0015157661966444906,0.0392199224922387,0.06954074365192663
ROBO4,ROBO4,4.3455370902613924e-4,0.006571495297051624,-0.01249470332476504,0.013363810742817318,0.9473183460995878
TREM2,TREM2,0.044587106712888604,0.0183259225684772,0.008531300148513145,0.08064291327726406,0.015526633002093317
LGR4,LGR4,0.019250807844861984,0.009973534165269362,-3.718778498109747e-4,0.03887349353953494,0.05447527342913179
HMGA1,HMGA1,0.008762293986980448,0.017480382032708658,-0.02562993215539487,0.043154520129355764,0.6165329317985442
C1QTNF9,C1T9A,0.04145595407276893,0.01856300106506756,0.004933701337310199,0.07797820680822767,0.0262295795256867
INHBB,Activin B,-0.04075510163837738,0.024078440445645343,-0.08812884709844912,0.006618643821694352,0.09151468493267138
BMP3,BMP-3,-0.02306062092544911,0.025345197575033312,-0.07292668020222444,0.02680543835132622,0.3635868016788729
HSPA1A,HSP 70,0.017106907543540426,0.028893695093243965,-0.03974073422288532,0.07395454930996617,0.55422997671541
DEFA5,HD-5,0.04127419951331527,0.011808662953758533,0.018040942597944393,0.06450745642868615,5.411061181457554e-4
CALB2,CALB2,-0.02213496395244813,0.008985082582603336,-0.03981289521908694,-0.004457032685809326,0.014288652724143354
KIR2DS4,KI2S4,0.08070659988829959,0.031068260567189747,0.019580553485098517,0.14183264629150066,0.009822458728047016
PTGES3,TEBP,0.01110699370848657,0.028549127790413423,-0.04506272027706789,0.06727670769404104,0.6975015118250287
ANXA3,Annexin III,-0.026811702825099443,0.013379884478940502,-0.053136299844634666,-4.8710580556422106e-4,0.04593331213380969
FGF8,FGF-8F,-0.0314835609119632,0.012634997525105118,-0.05634261098184506,-0.006624510842081342,0.013221412270442082
LCP1,L-plastin,-0.10344828963140122,0.055444710035138546,-0.21253440699192863,0.005637827729126188,0.06299394209531127
DUSP23,DUS23,-0.0015754353417837094,0.0183860170909176,-0.03774947641624144,0.034598605732674016,0.9317696457655869
KREMEN1,KREM1,-0.06848478115200575,0.04218478651031835,-0.1514823217501434,0.014512759446131895,0.10548775868748718
CCBL1,KAT1,0.10761656066528967,0.03898403991460226,0.030916411081737788,0.18431671024884155,0.006106785708463912
TES,TES,-0.016539625752234628,0.016939547545034753,-0.04986777320508978,0.016788521700620524,0.3296151325056724
SRP14,SRP14,-0.013335685417259144,0.02238957694420582,-0.05738663304851754,0.03071526221399925,0.5518539414136285
ING4,ING4,0.0052844890324921,0.015031618402383947,-0.02428985427495634,0.03485883233994054,0.72540316239307
GIF,Gastric intrinsic factor,0.02067320746042429,0.009969594865589489,0.0010582722419811598,0.04028814267886742,0.03892133727242049
UGT1A1,UGT 1A1,0.04672891746940175,0.01714477347425917,0.012996992996401495,0.080460841942402,0.006776172809547359
GMNN,GEMI,-0.04165904050267473,0.014807051299511998,-0.07079155350162886,-0.012526527503720603,0.005207169796924093
HSPH1,HS105,0.043527404768867566,0.011072912626699896,0.021741718712370323,0.06531309082536481,1.0392085117716726e-4
RRM2,RIR2,0.03383229902339746,0.04731255635446898,-0.059254003923073964,0.12691860196986887,0.4750854436220392
NUDT5,NUDT5,-0.0063929270021641175,0.026518604079888732,-0.0585676350142136,0.04578178100988537,0.8096541666474801
UBD,UBD,-0.007327634576159013,0.04379262915347437,-0.09348856643664472,0.0788332972843267,0.8672204324105237
HPCAL1,HPCL1,0.05792179115765797,0.02825906585708297,0.002322766965251563,0.11352081535006438,0.0412190591494323
SCAND1,SCAND1,0.05423971829546564,0.016120692419592065,0.02252264836937002,0.08595678822156125,8.606653863745231e-4
SDCBP,Syntenin 1,-0.06537539008430886,0.03261027500544485,-0.12953531235910376,-0.0012154678095139398,0.04584001302713583
SULT1C2,ST1C2,-0.025919066553755123,0.025059296390094802,-0.07522262220856273,0.02338448910105248,0.301779927768505
DDIT4,DDIT4,-0.03588189260705623,0.022604037341363528,-0.08035478584933331,0.008591000635220856,0.11341655107663631
RERG,RERG,0.037939389965341457,0.02722197984432325,-0.015619192741679416,0.09149797267236233,0.16438319755849623
CLIC2,CLIC2,0.02114347710565919,0.026319547898943644,-0.03063959271580092,0.0729265469271193,0.42238168586461367
ASF1A,ASF1A,0.041781745457699165,0.025592205245936042,-0.008570295398923351,0.09213378631432168,0.1035467550878291
VAT1,VAT1,0.04396180036982228,0.016614833639057677,0.01127251962280005,0.07665108111684452,0.00855282948411611
NAE1,ULA1,0.02167443034649847,0.03398561092286594,-0.045191431867433345,0.08854029256043028,0.5240947665994702
SMS,SPSY,-0.06992553646872207,0.022044926864339925,-0.11329839345730709,-0.02655267948013705,0.0016623663114665075
ASPA,ACY2,-0.005889058269957941,0.015435345516704542,-0.03625772484731783,0.024479608307401948,0.7030650952466482
CARD18,ICBR,-0.05349711085225342,0.015799586783277406,-0.08458241325524452,-0.022411808449262327,7.984994498009475e-4
CD37,CD37,0.03224612427691034,0.03116395263959801,-0.029068193949420187,0.09356044250324087,0.3015860095781841
MAGEA6,MAGE-6,-0.03286963314104284,0.02890190293897787,-0.08973342364415489,0.02399415736206921,0.2562790439817664
CPOX,HEM6,-0.020095943242239143,0.014260096154836609,-0.04815233530801154,0.00796044882353325,0.15974348192461363
CCDC25,CCD25,0.032553098022358874,0.016919813167212836,-7.362225225053393e-4,0.06584241856722309,0.055254317964126075
SVIP,SVIP,-0.035411161470861464,0.02544246710962902,-0.08546859618922151,0.014646273247498585,0.16495474356375645
NDRG3,NDRG3,-0.009384173260795256,0.01350528248287651,-0.03595548780063981,0.0171871412790493,0.48765700200020745
LAMA2 LAMB1 LAMC1,Laminin-2,-0.10773001495032863,0.05051283649269254,-0.2071127911676237,-0.008347238733033543,0.03371526895162821
COMT,Catechol O-methyltransferase,-0.04883416607398955,0.03262032884653134,-0.11301386903639182,0.015345536888412725,0.13537601765922108
ARL4D,ARL4D,-0.04788820266758199,0.01361912094261517,-0.0746834916059097,-0.021092913729254276,5.015435716346922e-4
ARL9,ARL9,-0.023015267724309625,0.0163172309394629,-0.05511902240411586,0.009088486955496612,0.15937597548136104
RABIF,MSS4,-0.014295455356274873,0.015110490972740002,-0.044024978525984915,0.015434067813435166,0.34483773052631383
LRIG1,LRIG1,0.05887441128080235,0.021388094537773072,0.016793855906143178,0.10095496665546153,0.006251693792689228
AIF1L,AIF1L,-3.968666242143392e-4,0.027835889428731275,-0.05516330149478777,0.054369568246359086,0.9886336173296256
COL3A1,Collagen Type III,0.0539169874850504,0.02888970356924204,-0.0029228010550631164,0.11075677602516393,0.06292197759426353
CLSTN2,CSTN2,0.004484411983299528,0.020195833319903905,-0.03525039846719185,0.0442192224337909,0.8244207487456507
ENTPD2,ENTP2,-0.011828890809951672,0.009568897513418483,-0.030655463741762284,0.006997682121858943,0.2173064086926016
FABP12,FBP12,0.04323754933700768,0.019643598927865574,0.004589246610377316,0.08188585206363805,0.028449361308224643
GPR56,GPR56,-0.05485044686950377,0.02168796914825584,-0.09752099824074825,-0.012179895498259284,0.011921072567420147
TGM4,TGM4,-0.00878407162351007,0.014029887032151966,-0.03638753284414456,0.018819389597124425,0.5317017984225444
TCEAL8,TCAL8,-0.059060529004798384,0.018130686524427314,-0.09473221340493611,-0.02338884460466066,0.0012458351058245898
CMBL,CMBL,0.025858337001573972,0.015563821683047065,-0.004763103305701521,0.05647977730884947,0.0976139505268408
DNMT3L,DNM3L,0.029475337693738588,0.013575677004469724,0.0027655236462008938,0.05618515174127628,0.030658539088758912
PAF,PAF,-0.05332683328370627,0.01705848068771382,-0.0868889787997152,-0.01976468776769734,0.0019353380416211408
POLE3,DPOE3,-0.055436531058732745,0.03688865422413064,-0.1280140603021026,0.01714099818463711,0.13388431594163497
MARCKSL1,MARCKSL1,0.05399146409942159,0.04542994836084653,-0.035390853445989696,0.1433737816448329,0.23554364917685433
SPINK4,ISK4,-0.08826283925899811,0.04276838085917218,-0.17240858753266808,-0.004117090985328142,0.0398559255309361
NDRG1,NDRG1,-0.022353418261572774,0.011314314580056608,-0.04461405678509964,-9.277973804591028e-5,0.04905846347942891
BLNK,BLNK,-0.02204856838035819,0.02718540252932467,-0.07553518611048335,0.031438049349766975,0.41794868318403855
GSTT1,GSTT1,-0.0033189451668758285,0.013051462108125429,-0.028997379166280715,0.022359488832529056,0.799431139095917
DDT,D-dopachrome decarboxylase,0.04302160698894067,0.027272675217352615,-0.010636717630490095,0.09667993160837143,0.11568663269873458
NXT2,NXT2,0.04419531129699878,0.01888173789520829,0.0070459516069213204,0.08134467098707623,0.019870525734327734
GIPC1,GIPC1,0.017681499487261068,0.011088399465055175,-0.004134656546719996,0.03949765552124213,0.11179946000792107
PEF1,PEF1,0.020793600665852514,0.033624910615384127,-0.0453625924732658,0.08694979380497084,0.5367566287499191
GSR,Glutathione reductase,0.09598505670972261,0.0422506303553775,0.012857969949200146,0.17911214347024507,0.02376827988062953
MYL7,MLRA,0.07364727061292736,0.024303895535886334,0.0258299477508281,0.12146459347502662,0.0026445377736071633
GIMAP6,GIMA6,-0.0552286707588847,0.026055624871752482,-0.10649247844875326,-0.003964863069016132,0.03481287784761749
ABHD14B,ABHEB,-0.003779055458611267,0.011443730890922247,-0.026294317423517996,0.018736206506295462,0.7414448276031456
ACBD6,ACBD6,-0.10776949257745624,0.05044241020035023,-0.20701370677888276,-0.008525278376029746,0.03340529666123007
CA12,Carbonic Anhydrase XII,0.01634644779473268,0.020211363652851762,-0.023418918207794678,0.05611181379726003,0.41925109154523676
NNMT,NNMT,0.019505309339353315,0.014062233175737628,-0.008161792131417031,0.04717241081012366,0.16639473319616901
CINP,CINP,0.017785119749419466,0.009734245687744628,-0.0013667716904771192,0.036937011189316055,0.0686298112128301
KAAG1,KAAG1,0.01192511168744154,0.029850831737994285,-0.04680567312893656,0.07065589650381963,0.6898011366555803
GLYAT,GLYAT,-0.025878123197726338,0.015429457574349988,-0.056235205391827775,0.004478958996375099,0.09449115917800316
PLXND1,PLXD1,0.04638359406937306,0.03607990851488633,-0.024602747677524447,0.11736993581627057,0.19952817347929303
JUND,jun-D,-0.03968084840087754,0.01422726479341957,-0.067672645562242,-0.011689051239513071,0.005605574751537167
TCN1,Holo-TC I,0.019833981084043106,0.012211039956295393,-0.004190942789169105,0.04385890495725532,0.10531284346016015
RPSA,40S ribosomal protein SA,-0.013557876647357865,0.01739665994980763,-0.04778538162958606,0.02066962833487033,0.4363621085397319
COL18A1,Endostatin,0.030007750750270182,0.038059494703696566,-0.044873378636078876,0.10488888013661923,0.4310267096100401
PLAT,tPA,6.491966841759294e-4,0.014929274376043208,-0.028723787242702584,0.030022180611054442,0.9653424492718334
KIT,SCF sR,0.02277329163555309,0.031509590076600404,-0.03922105983458265,0.08476764310568882,0.4703715258945659
CCL21,6Ckine,-0.009217761287121602,0.018915765818082603,-0.04643407008714752,0.027998547512904315,0.6263784861162949
POMC,b-Endorphin,-0.011638148615765502,0.019798425440162356,-0.050591068736557075,0.02731477150502607,0.557063553777717
CFI,Factor I,-0.011232754266538388,0.08033931148397606,-0.16929839399394944,0.14683288546087267,0.8888938365874197
TNFRSF17,BCMA,-0.09164501081896112,0.026031977127845985,-0.1428622921483264,-0.040427729489595846,4.939086756193433e-4
MIA,MIA,0.08933573400391324,0.02582756550386686,0.038520627568944775,0.1401508404388817,6.164975336337855e-4
CCL25,TECK,0.026093583882524165,0.011017268083469334,0.004417377110335106,0.04776979065471322,0.01846339881176461
NOV,NovH,0.007164194632558821,0.02823051833444282,-0.048378663003956095,0.06270705226907373,0.799834046227498
SIGLEC7,Siglec-7,0.04234850834394333,0.023795724167723437,-0.0044689997211889085,0.08916601640907557,0.07608811028273176
C3,C3,-0.1796732987899031,0.03443768811395454,-0.24742861187285117,-0.11191798570695502,3.2858414992256056e-7
IL10,IL-10,-0.03233769340565673,0.012650875402471964,-0.05722798281275901,-0.007447403998554453,0.01104934654958108
IL16,IL-16,0.08637973439641844,0.03518193696352483,0.01716012981842585,0.15559933897441103,0.01461615768553864
AGRP,ART,0.005120771641517825,0.018620150785789012,-0.03151392177832345,0.04175546506135909,0.7834858971787806
TIE1,sTie-1,0.035769764754587506,0.030707317360810452,-0.024646134676131914,0.09618566418530693,0.24495098489512232
SERPINA3,a1-Antichymotrypsin,0.06392704134890255,0.11327920993450948,-0.15894704675783028,0.2868011294556354,0.5729275241134125
C7,C7,0.20025796187358183,0.05409930703306918,0.09381889216986299,0.30669703157730066,2.525057813065808e-4
CCL23,MPIF-1,-0.05673599147583746,0.02158156197662466,-0.09919718932705805,-0.014274793624616866,0.008983253626512424
CYP3A4,Cytochrome P450 3A4,0.01111036693075544,0.03120693759362549,-0.05028852314628559,0.07250925700779647,0.7220606520946127
CFD,Factor D,0.08918292400847513,0.05535414991762421,-0.01972501852525471,0.19809086654220498,0.10814583418716184
CFP,Properdin,-0.015190387495237536,0.03902217815585611,-0.09196557314009635,0.06158479814962128,0.6973335462819015
CNTN1,contactin-1,-0.14199150826347842,0.057609183618493494,-0.2553361747117002,-0.028646841815256605,0.014241278414947382
IL17RA,IL-17 sR,-0.05220191120056854,0.01373824058869277,-0.07923156514294677,-0.025172257258190302,1.7363868942180002e-4
IL1RL2,IL-1Rrp2,0.10855648816075693,0.03480706444530905,0.04007443613721737,0.1770385401842965,0.0019825286401217923
LSAMP,LSAMP,-0.07559337900042233,0.04483635508712692,-0.16380781622902144,0.012621058228176774,0.0927828128999104
NCR3,NKp30,0.018903185693445308,0.017233340946347327,-0.01500299312498143,0.05280936451187204,0.2735193284553644
TSLP,TSLP,0.07374394294080952,0.026861176247153236,0.020895232528549412,0.12659265335306963,0.006389102743816148
CTLA4,CTLA-4,0.022660096620377313,0.007354163959423818,0.00819095804506791,0.03712923519568671,0.0022419799536579645
PRSS1,Trypsin,-0.033609606304065905,0.014567229135987738,-0.062270275034030556,-0.004948937574101253,0.021687377061941522
FASLG,"Fas ligand, soluble",-0.039978729577589446,0.01305327510584224,-0.06566073060587022,-0.01429672854930867,0.002381197916666067
LGALS3,Galectin-3,5.687397014914491e-4,0.034361375195916,-0.06703642957282276,0.06817390897580565,0.9868046572493208
LBP,LBP,0.019400951425311317,0.05610649458687812,-0.09098721093162236,0.129789113782245,0.7297314249482597
ULBP2,ULBP-2,-0.021629458537058645,0.018414622715780767,-0.05785978048211731,0.014600863408000021,0.24104412944575496
ADAMTS5,ADAMTS-5,0.11302901576868507,0.02212979936050046,0.06948917420986817,0.15656885732750198,5.644873167186922e-7
CTSC,CATC,-0.04688100489170371,0.028472155326544655,-0.10289927742825797,0.00913726764485056,0.10064025899405853
CNTN4,Contactin-4,0.15026731419023426,0.03994789925745225,0.07167079481186263,0.2288638335686059,2.0106852709264405e-4
FCGR2B,FCG2B,-0.012175382569922299,0.007127920674365779,-0.026199392989087838,0.0018486278492432402,0.08859202183448099
LY9,LY9,0.020735407896147282,0.027167471168473643,-0.03271593031798817,0.07418674611028274,0.44588555290966714
CADM1,Nectin-like protein 2,-0.12132751049594113,0.043503598894387034,-0.20691978235723912,-0.03573523863464316,0.005608333623777299
PGLYRP1,PGRP-S,0.0019388800518674169,0.007377521791257186,-0.01257621448899844,0.016453974592733272,0.7928684227375603
PAK7,PAK7,0.047299253546997724,0.031932829279365825,-0.015527810752101953,0.1101263178460974,0.1395436606353467
TNFSF8,CD30 Ligand,-0.026740758315554787,0.027357197390208733,-0.08056537825264357,0.02708386162153399,0.3290833429377955
GZMA,granzyme A,-0.04452528733626906,0.02438727703592622,-0.09250666127002662,0.0034560865974885002,0.06882724770200623
INSR,IR,0.06274052049475334,0.02756778508693607,0.008501574390473457,0.11697946659903323,0.023521020485182304
SERPINA4,Kallistatin,-0.206961444069865,0.06314569049680814,-0.33119905303167263,-0.08272383510805739,0.0011634197555610642
PDGFRB,PDGF Rb,0.01852250077645887,0.013005956177103675,-0.007066401411364838,0.04411140296428258,0.15538514811251736
FGF17,FGF-17,-0.055317533636667526,0.03121088216884363,-0.1167241845694315,0.006089117296096444,0.07729195719683157
IL17B,IL-17B,0.005116778313192308,0.014228571962143048,-0.022877590670816534,0.033111147297201146,0.719376062771684
CCL22,MDC,0.07461186019533196,0.023863749225226865,0.027660514485425808,0.12156320590523811,0.0019324114979295814
ADIPOQ,Adiponectin,0.008939614952502704,0.01803398951767114,-0.026541820440638113,0.04442105034564352,0.6204430571198385
DKK3,DKK3,-0.06566546574493218,0.033081871671222826,-0.1307532429800522,-5.776885098121715e-4,0.04801301713905729
CADM3,Nectin-like protein 1,0.009839461517731534,0.018628943455228534,-0.026812531265201077,0.04649145430066414,0.597742981323244
ANGPTL4,ANGL4,-0.07572226874858372,0.027821515810642638,-0.13046042387544998,-0.020984113621717468,0.006853405898021034
FGF23,FGF23,0.025736768814292883,0.01307308984865237,1.5782761863099293e-5,0.05145775486672267,0.04986043453387261
TLR2,TLR2,-0.022972528594093145,0.0186031272364134,-0.05957372859492466,0.01362867140673837,0.21779170817561888
AGER,sRAGE,-0.013648976027920147,0.009473187009720803,-0.03228724087348803,0.004989288817647734,0.1506279325703442
PFDN5,PFD5,0.014259074890063875,0.027854566867525528,-0.04054410738669154,0.0690622571668193,0.609069334668565
ICAM1,sICAM-1,-0.030821085281669457,0.012955530986907516,-0.05631077713523082,-0.005331393428108094,0.01795187746631162
SPARCL1,SPARCL1,0.04999457277275381,0.03534666672706806,-0.019549133605162687,0.1195382791506703,0.15822386453467452
CHST15,ST4S6,-0.04961989664430203,0.04405081191548651,-0.13628879680436892,0.03704900351576485,0.2608380409090118
NCAM1,NCAM-120,0.08908482539206958,0.04495548981874505,6.359934789861577e-4,0.177533657305153,0.04838503125371511
FUT3,Fucosyltransferase 3,-0.035754480862603584,0.013959997692739161,-0.06322043650918777,-0.008288525216019405,0.010893372496844533
NXPH1,NXPH1,-0.018829144191681527,0.029954402010558174,-0.07776370099822434,0.040105412614861294,0.5300678278767054
HIBADH,3HIDH,-0.007470014588202767,0.011081951803013012,-0.029273485004064688,0.014333455827659151,0.5007578474183408
SERPINA6,CBG,0.022226051845792395,0.016084660515714076,-0.009420126186510894,0.05387222987809569,0.16800100745344054
LPO,PERL,-0.020658987161849416,0.014200570023187479,-0.0485982630125856,0.007280288688886773,0.14671414482616427
SELL,sL-Selectin,-0.020822857165354373,0.03781390557171919,-0.09522079591266183,0.05357508158195309,0.5822500509798745
BMPR2,BMP RII,-0.016209455675217595,0.02336204636359746,-0.06217371321730516,0.02975480186686997,0.48829245244150776
ANG,Angiogenin,-0.03668720993266676,0.024331335106251985,-0.08455851948152718,0.011184099616193655,0.13259720311920248
WNT7A,WNT7A,0.03753460526776801,0.011291485411150467,0.015318882578356976,0.059750327957179036,9.907981385742126e-4
POMC,ACTH,0.002238343565072353,0.02957415299219345,-0.055948082553849025,0.06042476968399373,0.9397168117409762
C3,C3a,0.0964283193351197,0.04596348737152146,0.005996276773597445,0.18686036189664196,0.03670241642095743
F5,Coagulation Factor V,0.042364358478392025,0.03480755098957621,-0.026118650809149727,0.11084736776593378,0.2244705157882814
LGALS8,Galectin-8,-0.015439159459224836,0.014769976582992991,-0.04449872885589955,0.013620409937449871,0.29667753876300923
LYZ,Lysozyme,0.02504456222302084,0.018685209070225087,-0.011718131787801424,0.0618072562338431,0.18109415602583398
MMP1,MMP-1,-0.014026793015855053,0.011656460561414166,-0.03696059542919483,0.00890700939748473,0.2297390913905589
SHBG,SHBG,-0.06592689526017739,0.015591642740086394,-0.09660307281995836,-0.03525071770039642,3.0834975536274554e-5
STC1,Stanniocalcin-1,0.006352922825933199,0.02105247864054365,-0.03506731644048003,0.04777316209234643,0.7630283023339635
ERAP1,ARTS1,0.01208147410664872,0.008980573323077253,-0.005587585301636791,0.02975053351493423,0.17949319487195395
MAPK13,MK13,-0.017284098477923195,0.019353376748436235,-0.05536139613110665,0.020793199175260253,0.3724922263141742
RPS3,RS3,0.05296308750081052,0.019864890448377345,0.013879399094245362,0.09204677590737567,0.008065594101841449
FAP,SEPR,-0.013247875688612779,0.02719911057095296,-0.06676146365696084,0.04026571227973528,0.6265452176369618
CD226,CD226,-0.06420933920251166,0.01901532719024099,-0.10162153257873902,-0.026797145826284306,8.249122021306876e-4
SCARB2,LIMP II,-0.13610678474264695,0.03101141735338245,-0.19712099350635812,-0.07509257597893579,1.5534647512712994e-5
TNFRSF12A,TWEAKR,-0.023336953188708237,0.009807072561682628,-0.04263212973032808,-0.004041776647088397,0.017922540123597012
PDE9A,PDE9A,-0.017175754911427567,0.010627771950959842,-0.03808563752400835,0.0037341277011532156,0.10706309458852492
GRAP2,GRB2-related adapter protein 2,-0.01166779129226089,0.0141253139232682,-0.039459002598287815,0.016123420013766033,0.4094140072322038
MMP16,MMP-16,-0.04047991806149525,0.021562656032625187,-0.08290391892810485,0.00194408280511435,0.061392947005870516
TNNT2,Troponin T,0.09550223581992198,0.018362296584375076,0.059374864264682754,0.13162960737516122,3.563578520855593e-7
OMD,OMD,-0.04815243535372486,0.021581161594128744,-0.09061284546213083,-0.005692025245318887,0.026365245429048313
PIM1,PIM1,0.011250481868017677,0.026760318380095367,-0.04139979314588551,0.06390075688192086,0.6744659917521441
TNFRSF21,DR6,0.1081303103341443,0.06363652423545411,-0.0170730020605879,0.2333336227288765,0.09026513974969384
PRKCG,PKC-G,-0.011927861623774553,0.01768605548218231,-0.04672474527149183,0.022869022023942726,0.5005347051757123
RGMA,RGMA,0.1389005935831446,0.05361177859691771,0.03342072421015001,0.2443804629561392,0.010016157046402713
TCN2,Holo-TC II,0.002936944213235069,0.022433156767813486,-0.04119974566015254,0.047073634086622684,0.8959218023691427
GREM2,GREM2,0.050079563462381724,0.03590708395950183,-0.020566750178687365,0.12072587710345081,0.16408325515021652
PGLYRP2,PGRP-L,0.15023268790175484,0.0533116637396669,0.0453432872050136,0.25512208859849606,0.005135779523694673
CRH,CRH,0.009941049926281947,0.013810475984193191,-0.017230725398391357,0.03711282525095525,0.4721665054167479
NTNG1,NTNG1,-0.0601643739047267,0.025177196982557614,-0.1096998961052719,-0.010628851704181506,0.017449025053679398
RNASE4,RNAS4,-0.156677406015218,0.0514166746185435,-0.25783846174392205,-0.05551635028651396,0.0025039511757882424
TRH,TRH,0.023832090749370437,0.015436765120018136,-0.0065393688629530045,0.05420355036169388,0.12362170025571552
ASIP,ASIP,0.059208316563393,0.016532597555313985,0.026680833309347993,0.09173579981743801,3.9549825342894915e-4
C2orf66,CB066,0.041548758763442106,0.014027942297306067,0.013949123761278236,0.06914839376560597,0.0032889787833110954
CSAG1,CSAG1,-0.030145326744340444,0.017885257673979266,-0.06533413585544395,0.005043482366763073,0.09287915262537699
SBSN,SBSN,0.03265573679309422,0.02020509890062169,-0.007097303461916886,0.07240877704810533,0.1070430575503514
SPINK6,ISK6,-0.02854653005906117,0.01357182875795833,-0.055248772775261606,-0.0018442873428607329,0.03622150000789216
PVRL4,nectin-4,-0.02229037372158295,0.012226316374509393,-0.04634535357577305,0.0017646061326071563,0.06922281808396324
KRTDAP,KTDAP,0.0324805909040777,0.01518303193098121,0.002608345164818098,0.062352836643337295,0.03317744057134932
CLPS,COL,-0.009938382996496548,0.011731869078679973,-0.03302054983196476,0.013143783838971659,0.39756343445332754
NGF,b-NGF,0.010552881017463501,0.010935957919971763,-0.010963349987293853,0.032069112022220854,0.33529495706912027
TNF,TNF-a,-0.043264285663232434,0.025947356895156082,-0.09431507874460371,0.007786507418138834,0.09642502987881206
PTH,PTH,0.018187757684899174,0.013168952844477477,-0.0077218364783220965,0.04409735184812044,0.16821828906690384
FCRL5,FCRL5,-0.01102858014441487,0.011936525071657838,-0.034513402664336466,0.012456242375506727,0.35622260676832496
IFNA5,IFNA5,-0.03716872923665069,0.02903255285892692,-0.09428957027698573,0.019952111803684343,0.2013956234282414
ADPGK,ADPGK,-0.03599060284893145,0.042388432306563716,-0.11938881159404148,0.04740760589617858,0.396484953414982
KLK10,kallikrein 10,-0.027423678321169223,0.016429621415800337,-0.05974855852736348,0.004901201885025033,0.09607276870063965
STC2,STC2,0.006233834291705866,0.015214965744295582,-0.023701240447917757,0.03616890903132949,0.682290082588702
PSG8,PSG8,-0.010097648267583758,0.017417111757273465,-0.044365391683163655,0.024170095147996135,0.5624920163257232
FURIN,Furin,0.0713392933108811,0.03260695450175413,0.007185904046270064,0.13549268257549213,0.029410004771056725
PTPRR,PTPRR,0.012098482630063545,0.01090161283219483,-0.009350175250519876,0.033547140510646965,0.2679314056126295
C2orf40,AUGN,-0.019906488550594587,0.017052656057238776,-0.053457174247926856,0.013644197146737678,0.24394470316985226
ANGPTL7,ANGL7,0.052308314949329186,0.016947620068627083,0.018964285002807273,0.0856523448958511,0.0022042068438209383
ICT1,ICT1,0.053015847303464037,0.022026753418419205,0.009678746127350521,0.09635294847957755,0.01666077108223984
NPS,NPS,0.1818705587945572,0.046344217253491915,0.0906894394579744,0.27305167813114,1.0669095246345278e-4
LAD1,LAD1,0.03270470957383706,0.018730213991171783,-0.0041465305234392805,0.06955594967111339,0.08176337024776423
CPN2,CPN2,-0.03197073615049172,0.036342024305376315,-0.10347278433476292,0.03953131203377947,0.3796784428536719
PSG6,PSG6,0.004821067742379405,0.02144858981190812,-0.037378510611566176,0.04702064609632499,0.8223005490016927
TIMP4,TIMP-4,0.04244678339812555,0.01903052667880139,0.00500468539814114,0.07988888139810996,0.026416668861999944
QRFP,OX26,0.010921070030727783,0.023682748399226974,-0.03567416095994072,0.05751630102139628,0.6450141734625069
IGLL1,IGLL1,0.022744592572952572,0.008730476711845025,0.005567592159421632,0.03992159298648351,0.009615158051475406
SPACA5,sperm acrosome associated 5,0.030957071210289407,0.013355003994295159,0.004681425938653821,0.05723271648192499,0.021084816254522555
RS1,XLRS1,0.04065281123179782,0.023410593862665623,-0.005406962332964477,0.08671258479656012,0.08344457705807115
TMED10,TMEDA,0.005199590002854052,0.024177202557623456,-0.04236846750846999,0.0527676475141781,0.8298575157631995
DUSP13,DUSP13,-0.014699083837867711,0.01873765673148026,-0.05156496734553,0.02216679966979458,0.43335162281717776
VSTM2L,VTM2L,0.020737841828973643,0.013549242717798048,-0.005919963403000206,0.047395647060947496,0.12687704012171297
LRRTM4,LRRT4,-0.06122093626971277,0.021039526081834122,-0.10261569169215584,-0.019826180847269705,0.0038723392578591006
ART4,ART4,-0.0022430738964389985,0.01763221179130654,-0.03693402139301985,0.032447873600141855,0.8988512462823675
LRFN5,LRFN5,0.0430727541532197,0.02409159302886274,-0.004326868694172439,0.09047237700061184,0.07475125982925475
KAL1,KALM,-0.05929261606143848,0.02211673507159984,-0.10280675394985397,-0.015778478173022983,0.007726711145241949
LRP11,LRP11,-0.003881422888610888,0.026080548093569696,-0.055194266410724446,0.04743142063350267,0.8817867965386764
EFHA2,EFHA2,0.03213582843405975,0.011539204633885197,0.00943272420389265,0.054838932664226854,0.005675969257905693
B4GALT3,B4GT3,0.026522967414531737,0.0275526416534618,-0.027686184353008562,0.08073211918207204,0.3364675382295914
MRPL34,RM34,0.08505441812885668,0.02574139880766902,0.03440884257119011,0.13569999368652325,0.0010615614391744118
CNTNAP2,CNTP2,-0.03503876312975505,0.026942307846364304,-0.08804709798855978,0.01796957172904968,0.19437060362702177
CD72,CD72,-0.0535349243924408,0.025620606555526143,-0.10394284413433794,-0.0031270046505436563,0.03745728996153434
B3GNT6,B3GN6,0.009554774556153096,0.037428074305491874,-0.06408405056674621,0.0831935996790524,0.7986695955224421
CDSN,CDSN,0.03547773158945502,0.018513223346736784,-9.465846968757657e-4,0.0719020478757858,0.05622018103359571
CDY1,CDY1,-0.013093196801001104,0.029477953890546867,-0.07109035352910872,0.04490395992710651,0.6572233743666016
FSTL5,FSTL5,0.05429576077880949,0.018138304881200808,0.018609087447165745,0.08998243411045323,0.0029755077329976245
SERPINI2,SPI2,-0.01933466232158228,0.026126823793353765,-0.07073855215657919,0.03206922751341462,0.45982883045798395
VWA2,VWA2,-0.017075389996997908,0.01613482595992442,-0.04882026731965919,0.01466948732566337,0.2907271694688385
C1QL4,C1QL4,-0.014854043786707226,0.017700408430010337,-0.049679166509897094,0.019971078936482645,0.4019938885765355
H6PD,G6PE,0.05931955979662929,0.019443473665199842,0.021064998652850123,0.09757412094040846,0.0024744801373196403
VAPB,VAPB,-0.056587136963967985,0.016529782223132086,-0.08910908112047584,-0.024065192807460126,6.998019240424464e-4
CEACAM7,CEAM7,-0.020946568908586802,0.013591049606229292,-0.047686628175886994,0.005793490358713387,0.12426495583566029
IFNLR1,CRF2-12,0.014772697094863537,0.03199953908509796,-0.04818561712316585,0.07773101131289292,0.644646503449287
IFNW1,IFN-w,0.044206524496441836,0.02085957921092721,0.0031658101622463394,0.08524723883063734,0.03484704650742136
RFNG,RFNG,0.020209327413908042,0.030416196029903635,-0.03963379788471964,0.08005245271253572,0.5069003734264603
MBTPS1,MBTP1,0.009367357445285402,0.019451244915098174,-0.028902493443501192,0.04763720833407199,0.6304356325755458
FREM2,FREM2,-0.05719233187958184,0.03070469340459312,-0.11760306874031592,0.0032184049811522578,0.06343531860970417
GORAB,GORAB,-0.017642047628656496,0.0168243250274106,-0.050743497582829485,0.015459402325516493,0.29515940799575263
QKI,QKI,0.02792049728368977,0.01420797643407032,-3.335050017176308e-5,0.055874345067551304,0.05027230045852667
MYBPC1,MYPC1,0.030742071172941803,0.011832032681605658,0.0074628348868969775,0.05402130745898663,0.009808794011515127
VAMP4,VAMP4,0.08680593890912681,0.015285026760686238,0.056733020825177914,0.11687885699307571,3.062688779270633e-8
OPALIN,OPALI,0.028760547456164152,0.01561181892474354,-0.0019553262558016163,0.05947642116812992,0.06637545950995838
ITGB6,ITB6,-0.022028323115900618,0.009769793224703748,-0.0412501534694671,-0.0028064927623341306,0.024831917377276216
JAG1,JAG1,0.021287137788579318,0.017233105621778978,-0.01261857803448746,0.055192853611646095,0.217653387714909
HLA-DQA2,DQA2,-0.026837670796115386,0.019063861423088396,-0.06434535409405105,0.010670012501820283,0.16017688666249408
CHST11,CHSTB,0.08750905299463944,0.03117260393625026,0.026177713552735238,0.14884039243654365,0.005306214281427868
KNG1,"Kininogen, HMW",0.01715496152406292,0.047331435756685095,-0.07596848618670682,0.11027840923483265,0.7172623077343816
LILRA5,LIRA5,0.039936298391507016,0.023956265993211146,-0.007197071807367596,0.08706966859038162,0.09649203419073382
C1QTNF5,C1QTNF5,-0.09119837360828367,0.029193188093991396,-0.1486352605634296,-0.03376148665313775,0.0019491547147709772
IGFBPL1,IBPL1,-0.06514427938175392,0.028967053837764236,-0.12213625269232675,-0.008152306071181094,0.025204596484886845
MSRB3,MSRB3,0.009212129031335378,0.016604245870920353,-0.02345632053960383,0.041880578602274586,0.5794188574526344
FAM19A3,F19A3,-0.0030753025880093927,0.007823019610618808,-0.018466903244173567,0.01231629806815478,0.6945029121856425
HERC4,HERC4,0.12496869105777647,0.03266530117402069,0.060700506135754076,0.18923687597979888,1.5703442946695014e-4
SIGLEC8,SIGL8,0.09868027338759529,0.03981456939665061,0.020346077264839085,0.1770144695103515,0.013713862094907193
CYP3A4,Cytochrome P450 3A4,0.03475257339983487,0.02551149997466262,-0.015440681800082692,0.08494582859975243,0.17409190393116614
FGF3,FGF-3,0.04958908168131743,0.03152907678196548,-0.012443609407279253,0.11162177276991411,0.1167615474450804
ST8SIA2,SIA8B,0.038680737275325165,0.015527984068913007,0.008129806601500214,0.06923166794915012,0.01324844397368764
SMCO2,CL070,-0.014224200247894165,0.015074068840632846,-0.04388206375926991,0.015433663263481582,0.3460822302184974
PQLC2L,CC055,0.022408688794168137,0.011691780709092449,-5.946051499666066e-4,0.04541198273830288,0.05618525901465907
SCG3,SCG3,0.07828302878386112,0.033906989649510076,0.011571852011460104,0.14499420555626213,0.021599960167686328
B3GALT6,B3GT6,0.02744205448287229,0.016800778396443228,-0.005613068048043832,0.060497177013788414,0.10338188695402352
ASTL,ASTL,-0.006658051872396197,0.02395400164320653,-0.05378696701775546,0.04047086327296307,0.7812307485532046
KIR2DL5A,KI2LA,-0.017504405946967234,0.004976005949434314,-0.0272945765266792,-0.0077142353672552694,4.987976523440996e-4
FOXRED1,FXRD1,-0.08311725441082027,0.017801455306584456,-0.11814118440398942,-0.048093324417651115,4.47277847150786e-6
SPINK5,SPINK5,0.09460928236116528,0.023886434475061204,0.047613303974413795,0.14160526074791677,9.229957778648915e-5
DRGX,DRGX,-0.04095991566267999,0.013349356879970397,-0.0672244503743435,-0.014695380951016468,0.0023385192741117045
FAM177A1,F177A,-0.07130826432944866,0.029532124007746473,-0.129411999444539,-0.013204529214358322,0.016318423871829003
DNAJB14,DJB14,-0.0072496222265948365,0.013001871366365152,-0.03283048764872285,0.018331243195533177,0.5775226966334064
DGCR2,IDD,-0.022601189740031034,0.01455306222685803,-0.0512339854211335,0.006031605941071428,0.12141623790734585
NRG2,NRG2,-0.0012082156090792461,0.020284888212482477,-0.04111823939294722,0.03870180817478873,0.9525417363502654
SYT9,SYT9,-0.026853177925315042,0.010177321684577658,-0.04687681060363688,-0.0068295452469932065,0.00873771915073473
KIAA1161,K1161,0.008943337109553634,0.013835552415027267,-0.01827777548237592,0.03616444970148319,0.518486359590837
EID3,EID3,-0.00852451962493122,0.014351317985601002,-0.03676038842221326,0.019711349172350824,0.5529433573109211
MSMP,PSMP,0.0370747092457045,0.0126984463170326,0.01209082522217407,0.062058593269234935,0.003755532967672752
ITM2B,ITM2B,-0.0906657560984646,0.03438046197723624,-0.15830847815041643,-0.02302303404651275,0.008773087970181512
KIAA1161,K1161,-0.013795054110644215,0.00894173581356825,-0.031387701664352355,0.003797593443063926,0.12388390200593193
IL10RA,IL-10 Ra,-0.009070971285952922,0.01766491464708352,-0.043826260855222954,0.025684318283317114,0.6079578292859907
EPHB2,EPHB2,-0.12586716829437639,0.032309907025609166,-0.1894361238803937,-0.062298212708359085,1.1950206360462746e-4
CHGB,SCG1,0.0011301271295218495,0.019694585243605404,-0.03761848993221913,0.039878744191262826,0.9542765509510649
TYMSOS,CR056,0.028274751507087394,0.01951831930508287,-0.010127066611271128,0.06667656962544591,0.14843037115626467
APOH,b2-Glycoprotein I,0.12035102653607628,0.0882306539437072,-0.05324063739001454,0.2939426904621671,0.17351951291103276
SULF2,SULF2,0.05402855250106416,0.02356497430437611,0.007665039175160961,0.10039206582696736,0.022517095334519368
SLTM,SLTM,-0.005121677032292321,0.015661834105938615,-0.03593595439579124,0.025692600331206593,0.743871287631541
SIGIRR,SIGIRR,-0.0434304705223408,0.016618179696227173,-0.07612633455539439,-0.010734606489287216,0.009391319870256702
DPEP2,DPEP2,5.698447633017674e-4,0.04656122517816202,-0.09103823238266853,0.09217792190927207,0.9902429429391237
TCP11,TCP11,0.014508785096514931,0.033834105278930264,-0.05205899345091966,0.08107656364394952,0.6683445322104435
GRAMD1C,GRM1C,0.04151521263250327,0.031520463730404104,-0.020500532486805084,0.10353095775181162,0.1887605211944937
PRSS57,PRS57,0.05513186211324442,0.020917418697256707,0.013977349997622818,0.09628637422886602,0.008809552565182295
SPAST,Spastin,-0.017446781064050766,0.014223542741143694,-0.04543125517816454,0.010537693050063007,0.22087840633759961
RARRES1,RAR-responsive protein TIG1,-0.0073584114729676985,0.009011983149451418,-0.025089268950067252,0.010372446004131855,0.41481931556781027
STK17B,DRAK2,-0.05517422749501016,0.021723587431156113,-0.09791485697084168,-0.012433598019178635,0.01156781684175366
BOLA2,BolA-like protein 2,-0.00630202361895262,0.011846643003753871,-0.029610005358179987,0.01700595812027475,0.5951214374779801
AXIN2,AXIN2,0.0363012531932834,0.02887223774986336,-0.020504171772355057,0.09310667815892186,0.20956817212519052
GHRL,ghrelin,0.00863052279964371,0.022125187760865833,-0.0349002455491475,0.052161291148434916,0.6967417135558844
TNFRSF10B,TRAIL R2,-0.02741511806404949,0.01185299239021627,-0.05073559206658504,-0.004094644061513938,0.02136649817836101
ARL8B,ARL8B,-0.04649786378552421,0.022726959797435494,-0.09121260396794784,-0.001783123603100574,0.04158771872708816
CDCP1,CDCP1,-0.0592613277655325,0.021144681608508645,-0.10086297412701475,-0.017659681404050255,0.005380323782081553
LRRTM4,LRRT4,-0.008449871746939053,0.02631611813655631,-0.06022619359438927,0.04332645010051116,0.7483529297685285
G6B,G6B,0.02376036944187939,0.019414238460272137,-0.01443667214784708,0.06195741103160586,0.22191274973861042
TRAPPC5,TPPC5,-0.04848291232698435,0.02236210938089086,-0.09247981819603524,-0.00448600645793347,0.030896046784953245
GPC1,Glypican 1,0.06289587671354663,0.020412548947744844,0.022734683540564057,0.1030570698865292,0.002242162125822453
GALNT11,GLT11,-0.06224930182358472,0.03813001125105457,-0.13726917080034878,0.01277056715317934,0.10355571438175734
NOG,Noggin,0.006518653964355111,0.01695771501255378,-0.026845237538611726,0.03988254546732194,0.7009350087223709
FAM175A,F175A,0.021312865759744358,0.01872123783114191,-0.015520713961170655,0.05814644548065937,0.2557995535357044
FAM171B,F171B,0.03495419960167668,0.011684707588300574,0.01196482185052624,0.05794357735282712,0.0029943536981259936
ESRP1,ESRP1,-0.04505329022520592,0.03457832162867,-0.11308529632505951,0.02297871587464767,0.19354275321084485
C1S,C1s,0.009893027330491107,0.046527538147201765,-0.08164877140207369,0.1014348260630559,0.8317542960702367
GRAMD1C,GRM1C,0.027661744873239098,0.0346800069246684,-0.04057032457127065,0.09589381431774884,0.4256834563839248
CENPW,CENPW,0.03286490428040592,0.01818165104542999,-0.002907051574227597,0.06863686013503945,0.07161870623267015
PAEP,Glycodelin,0.035882490915365405,0.027653390228562377,-0.018524881221266234,0.09028986305199704,0.19537508356485872
NRXN2,NRX2B,0.02145208038831513,0.02426132159063045,-0.026281479272826987,0.06918564004945724,0.3772534943353546
CACNA2D3,CA2D3,-0.0890016200258622,0.029986199285902376,-0.14799873719763634,-0.030004502854088066,0.003224839601387662
NEO1,NEO1,0.05317649086722178,0.04825917992407414,-0.04177227090976287,0.14812525264420642,0.2713437503245398
GNPDA1,GNPI1,4.7981168741592504e-4,0.013543720808710608,-0.02616712932284254,0.027126752697674394,0.9717616533656261
GALNT16,GLTL1,-0.07020681380502473,0.026750530231744674,-0.12283783087531076,-0.017575796734738705,0.009097822990687052
CALY,CALY,-0.03260612619980415,0.02311653156016707,-0.07808733934245704,0.01287508694284873,0.15936930929538803
C7orf73,CG073,0.0010940156750425414,0.018930681720636885,-0.03615163980017643,0.03833967115026151,0.9539518271832466
G0S2,G0S2,0.01960166382189227,0.011609440530418631,-0.003239627825024103,0.04244295546880865,0.09231319625179528
ABCC6,MRP6,-0.1358228391591478,0.03644152674295248,-0.2075206559672645,-0.06412502235103111,2.2928075143593211e-4
SCARF2,SREC-II,0.06281355547518024,0.03662396131929287,-0.009243196921068744,0.13487030787142923,0.0873051270523084
ERLEC1,XTP3B,-0.02008362009744425,0.02269585086658211,-0.0647371542156666,0.0245699140207781,0.37687980465682736
ADAM17,ADAM 17,-0.015065681752941913,0.021262626814195613,-0.056899382435594316,0.026768018929710487,0.4791230957486089
ERAP2,LRAP,-0.01884591803688594,0.010381351887392708,-0.0392709751727488,0.0015791390989769206,0.07041299995812798
RPS6KB1,KS6B1,0.028434568347059305,0.022096027280231183,-0.015038827465906839,0.07190796416002546,0.19908081700328104
MAP4K3,M4K3,-0.011668003514320811,0.0182589563121998,-0.04759205559956125,0.024256048570919626,0.5232654964343202
TMEM2,TMEM2,0.011515566356731859,0.01479548956387633,-0.017594199208794542,0.040625331922258257,0.4369632874376844
RIPK2,RIPK2,-0.06094489736239699,0.031882395241464474,-0.12367273391958972,0.0017829391947957254,0.056834994652525374
SLAMF8,SLAMF8,-0.037230825245465185,0.011154974096915894,-0.05917796524707436,-0.015283685243856013,9.456327886218338e-4
CEACAM3,CEAM3,0.08660173012876574,0.05044572867745207,-0.012649013095580336,0.1858524733531118,0.08700520572240596
SLC3A1,SLC31,0.01446022139966826,0.019214478438020058,-0.023343797208830216,0.052264240008166735,0.4522674044584315
SERPINA11,SPA11,0.01583401585270462,0.032882499664070246,-0.0488615018114506,0.08052953351685985,0.6304698185874941
NLGN2,NLGN2,-0.018050014975732165,0.017245320405359647,-0.05197976308816198,0.015879733136697653,0.2960530734832127
C17orf67,CQ067,-0.0015415641695959777,0.011266075340445417,-0.023707293163426065,0.02062416482423411,0.8912501312961086
NHLRC3,NHLC3,0.016813240085929205,0.012637038949296561,-0.008049826436357026,0.04167630660821543,0.18431874844006757
LYSMD4,LYSM4,-0.007048430483356219,0.018577230766580296,-0.043598679810162265,0.02950181884344983,0.7046357249541085
JPH4,JPH4,0.019176654568197938,0.02301984206630631,-0.026114324348896895,0.06446763348529277,0.4054443386713825
UMODL1,UROL1,0.005804247185149036,0.016682147506232824,-0.027017471956987994,0.038625966327286064,0.7281224341268431
DOS,DOS,0.02295286791132134,0.017831878774368037,-0.012130919514144793,0.05803665533678747,0.19897000968368675
IL17A,IL-17,0.09195687953821444,0.018068333805227307,0.05640787259531456,0.12750588648111433,6.167837301347073e-7
IFNGR2,INGR2,0.018676836416757454,0.02307377677666148,-0.02672025773008393,0.06407393056359884,0.41886927886920367
CD63,CD63,0.025442424406294642,0.012578227641069323,6.950677013622536e-4,0.05018978111122703,0.043939662595645516
UBE2G2,UB2G2,-0.06613646650865825,0.03577548626085412,-0.13652386488098553,0.0042509318636690385,0.06543896624859963
POMC,Corticotropin-lipotropin,-0.08522522134868712,0.01613776128018307,-0.11697587384250581,-0.05347456885486844,2.3899458118623003e-7
SERPINF1,PEDF,0.21582206493457137,0.08394988008354003,0.05065271937587987,0.3809914104932629,0.010601080253658263
PLXNB2,PLXB2,-0.043077948628638785,0.03914096785020556,-0.12008685010555468,0.033930952848277116,0.27191249310772475
TMUB2,TMUB2,-0.02229469738902468,0.013239049972308578,-0.04834220594495128,0.003752811166901921,0.09316401319002944
IMPAD1,IMPA3,0.03908641930654536,0.025481045092636448,-0.011046916654317604,0.08921975526740833,0.12604157644846684
TFPI2,TFPI -2,0.057274614089916666,0.01736944674236799,0.023100650430902814,0.09144857774893052,0.0010865440779827735
SIRPG,SIRPG,0.048720125234414983,0.023629880422355604,0.002228910701330057,0.0952113397674999,0.04004146451877992
MYDGF,CS010,0.03423741484182146,0.01769338889618114,-5.738971194287623e-4,0.06904872680307168,0.0538747039068402
SPR,SPRE,0.037146612401054754,0.018846672332329478,6.624335237637863e-5,0.07422698144973314,0.04959458130589369
DEFB118,DB118,-0.01063718901285757,0.014679082222361481,-0.03951792596753781,0.018243547941822674,0.46920161920808545
AZGP1,AZGP1,-0.01823861937772139,0.046603190214814925,-0.10992926171179453,0.07345202295635174,0.6957941625688524
PSG5,PSG5,0.01353197546600725,0.011050794288636317,-0.008210193298753882,0.035274144230768384,0.22166339357773898
MUL1,MUL1,0.018957038366714307,0.0063417427538588035,0.00647981386902491,0.031434262864403706,0.003015404902426339
LYPD1,LYPD1,-0.025656500476243096,0.02330391341682801,-0.07150638286063236,0.02019338190814617,0.27175262738314987
ERP27,ERP27,-8.967130237594599e-4,0.010640983904021148,-0.021832589832383367,0.020039163784864446,0.9328951576005953
PSG9,PSG9,-0.006936538671967465,0.011308407807781438,-0.02918555576482542,0.015312478420890488,0.5400540135015661
TAC1,TKN1,0.010506080685434396,0.01064221131449547,-0.010432211023420146,0.03144437239428894,0.3242933715481967
IL2RB,IL-2 sRb,0.040983292486299304,0.024286222803988986,-0.006799259705981088,0.0887658446785797,0.09248856251745936
C1RL,C1RL1,0.11706000278687487,0.027747316130965913,0.06246783372360601,0.17165217185014373,3.209898859129182e-5
FSTL4,FSTL4,-0.0664795943919138,0.022951556964114193,-0.11163622403263972,-0.021322964751187876,0.00403568099064004
EDIL3,EDIL3,-0.014489103004300419,0.021290638053983006,-0.05637791511938569,0.027399709110784855,0.49666017649416194
PCSK1N,PCSK1,-0.009577379727915142,0.017377252851438957,-0.04376670171651003,0.024611942260679746,0.5819227679869845
DCBLD1,DCBD1,0.039264530341126716,0.012498942976274106,0.014673164284233785,0.06385589639801964,0.0018398756603694947
CDK2AP1,CDKA1,0.00706802707605474,0.016831855472209622,-0.026048238844954445,0.04018429299706393,0.674828607576283
LMAN2,"Lectin, mannose-binding 2",-0.061088261941139255,0.04740927724213219,-0.15436486087971085,0.03218833699743233,0.19850125877357203
APOL1,Apo L1,0.04621236472275478,0.025088991940865186,-0.0031496162053452695,0.09557434565085482,0.06641817728526524
SPATA31D4,S31D4,-0.021646651745496383,0.014537345351711951,-0.05024852485732868,0.006955221366335914,0.13747167834218688
COG8,COG8,-0.015930613863451074,0.01872982028113369,-0.05278107934581115,0.020919851618909007,0.39566238291921174
VCAN,CSPG2,-0.018200896247866413,0.014862282087777536,-0.04744207447830665,0.011040281982573827,0.22162139432047467
MNX1,MNX1,-0.025375458881820134,0.02007718014051771,-0.0648768220901216,0.014125904326481337,0.20719612334139673
MANSC4,MANS4,0.02001926520283608,0.009870897126420976,5.985153837093429e-4,0.039440015021962815,0.04338494821153558
LAMC2,Laminin gamma-2,-0.05697789715638701,0.022569926604819907,-0.10138367835483714,-0.012572115957936884,0.012073933425993888
COX7A2L,COX7R,-0.012113799627908529,0.005062569467953342,-0.022074281823179893,-0.002153317432637164,0.01730130853954561
NUP210L,P210L,-0.0030024291542880385,0.011863248134532942,-0.026343081084121596,0.02033822277554552,0.8003653376499248
MMP16,MMP-16,0.0633410272095748,0.02127641979490041,0.02148018917313406,0.10520186524601553,0.00313451973921478
CCNB1IP1,CIP1,0.01644928183398185,0.010194943629296849,-0.003609021591622106,0.036507585259585806,0.10763643631519339
CD96,TACT,0.04469808059695775,0.02318903439912041,-9.257801164737067e-4,0.0903219413103892,0.05480406951834304
PAICS,Multifunctional protein ADE2,0.013350412314248163,0.015877449551555522,-0.017888083189996767,0.04458890781849309,0.40107074253509156
EIF1AX,IF1AX,0.05506192359278686,0.026923575295830046,0.002090444571171045,0.10803340261440267,0.041668479520198365
FBP2,F16P2,-0.018223487577994635,0.014677153523776425,-0.047100429865157105,0.010653454709167835,0.21529368602769547
WARS,SYWC,0.0030441442230044703,0.03561171327056161,-0.06702103477747992,0.07310932322348887,0.931932530711622
CTNNA2,CTNA2,-0.03907802975149268,0.01681639260088788,-0.07216387284957312,-0.005992186653412231,0.0207678797702919
PCDHB1,PCDB1,-0.08178110620997632,0.023885220766617598,-0.12877469665490907,-0.03478751576504357,6.983723427526498e-4
NXT1,NXT1,-0.01616613426562645,0.01887427990313294,-0.053300820537837905,0.020968552006585005,0.39235908507215567
LAG3,LAG-3,0.0037314286913937567,0.019281046600472848,-0.03420356115633019,0.041666418539117706,0.846669167320365
PRSS35,PRS35,-0.03481316114597235,0.020865957953365242,-0.0758664255006435,0.006240103208698805,0.0962199416933712
YIPF6,YIPF6,-0.061051677206682434,0.02295023879934916,-0.10620571339031988,-0.015897641023044987,0.008207189606372357
ATP4B,ATP4B,-0.03448502423191513,0.016340833452187314,-0.06663521628097493,-0.002334832182855323,0.03561054676656036
